barcode,name_en,name_ar,category,price,stock_quantity,is_active
6625000237030,"Al Atbaa Frozen Shredded Mozzarella Cheese","Al Atbaa Frozen مبشور موزاريلا جبنة","Dairy & Eggs | Mozzarella Cheese",125.00,100,active
6224000514556,"Alwaha Fridge Bags (40x25cm)","Alwaha Fridge Bags (40x25cm)","Others | Needs Review",27.00,100,active
8006540502877,"Always Maxi Thick Long Pads with Wings","Always Maxi Thick Long Pads With Wings","Personal Care | Feminine Hygiene",40.00,100,active
6223000555613,"Bake Rolz Butter & Herbs Wheat Snacks","Bake Rolz زبدة & Herbs Wheat Snacks","Chips & Snacks | Wheat Snacks",12.00,100,active
6223000553091,"Bake Rolz Firey Cheese Wheat Snacks","Bake Rolz Firey جبنة Wheat Snacks","Chips & Snacks | Wheat Snacks",12.00,100,active
6223000555057,"Bake Rolz Ketchup Wheat Snacks - hydrogenated fats free","Bake Rolz Ketchup Wheat Snacks - Hydrogenated Fats Free","Chips & Snacks | Wheat Snacks",12.00,100,active
6223000552087,"Bake Rolz Pizza Wheat Snacks","Bake Rolz Pizza Wheat Snacks","Chips & Snacks | Wheat Snacks",17.00,100,active
6223000555576,"Bake Rolz Salt & Vinegar Wheat Snacks - hydrogenated fats free","Bake Rolz Salt & Vinegar Wheat Snacks - Hydrogenated Fats Free","Chips & Snacks | Wheat Snacks",12.00,100,active
6223000555552,"Bake Rolz Salted Wheat Snacks","Bake Rolz Salted Wheat Snacks","Chips & Snacks | Wheat Snacks",12.00,100,active
6223000559352,"Bake Rolz Sweet Black Pepper Flavor Wheat Snacks","Bake Rolz Sweet أسود فلفل Flavor Wheat Snacks","Chips & Snacks | Wheat Snacks",17.00,100,active
6223000555590,"Bake Rolz Sweet Chili Wheat Snacks - hydrogenated fats free","Bake Rolz Sweet شطة Wheat Snacks - Hydrogenated Fats Free","Chips & Snacks | Wheat Snacks",12.00,100,active
6223000556894,"Bake Rolz Wheat Snacks Spicy Lime Flavor","Bake Rolz Wheat Snacks Spicy Lime Flavor","Chips & Snacks | Wheat Snacks",12.00,100,active
6223000556870,"Bake Rolz Wheat Snacks Thyme Flavor","Bake Rolz Wheat Snacks Thyme Flavor","Chips & Snacks | Wheat Snacks",12.00,100,active
6222035210115,"Balance Oven Baked 15g Protein Sour Cream & Onion Crackers","Balance Oven Baked 15g Protein Sour Cream & Onion Crackers","Chips & Snacks | Protein Snacks",17.00,100,active
6222035206088,"Balance Oven Baked 15g Protein Sweet Chili Crackers","Balance Oven Baked 15g Protein Sweet شطة Crackers","Chips & Snacks | Protein Snacks",17.00,100,active
6222035235293,"Balance Oven Baked Sweet Cheese 15g Protein Puffs","Balance Oven Baked Sweet جبنة 15g Protein Puffs","Chips & Snacks | Protein Snacks",17.00,100,active
6222035235309,"Balance Oven Baked Sweet Heat 15g Protein Puffs","Balance Oven Baked Sweet Heat 15g Protein Puffs","Chips & Snacks | Protein Snacks",17.00,100,active
6224002781055,"Bebeto Sour Candy Sticks Apple Flavor - vegetarian","Bebeto Sour Candy Sticks Apple Flavor - Vegetarian","chocolates & candies | Jelly & Gummy Candies",15.00,100,active
6224002781024,"Bebeto Sour Candy Sticks Cola Flavor - vegetarian","Bebeto Sour Candy Sticks Cola Flavor - Vegetarian","chocolates & candies | Jelly & Gummy Candies",15.00,100,active
6224002781031,"Bebeto Sour Candy Sticks Watermelon Flavor - vegetarian","Bebeto Sour Candy Sticks Watermelon Flavor - Vegetarian","chocolates & candies | Jelly & Gummy Candies",15.00,100,active
6222035229391,"Big Chips Kettle Cooked Classic Potato Chips - gluten free","Big Chips Kettle Cooked Classic Potato Chips - Gluten Free","Chips & Snacks | Flavored Potato Chips",20.00,100,active
6222035228288,"Big Chips Kettle Cooked Parmesan Cheese & Pesto Potato Chips - gluten free","Big Chips Kettle Cooked Parmesan جبنة & Pesto Potato Chips - Gluten Free","Chips & Snacks | Canned chips",20.00,100,active
6222035228264,"Big Chips Kettle Cooked Sour Cream & Onion Potato Chips - gluten free","Big Chips Kettle Cooked Sour Cream & Onion Potato Chips - Gluten Free","Chips & Snacks | Sour Cream Potato Chips",20.00,100,active
6221007034933,"Bonjorno Coffee Mix 2in1 Instant Coffee Sachet","Bonjorno Coffee Mix 2in1 Instant Coffee Sachet","Instant Coffee",8.00,100,active
6221007034940,"Bonjorno Coffee Mix 2in1 Instant Coffee Sachets","Bonjorno Coffee Mix 2in1 Instant Coffee Sachets","Instant Coffee",96.00,100,active
19766300217,"Bordon Corned Beef","Bordon Corned Beef","Others | Needs Review",190.00,100,active
4607065737849,"Bounty Milk Chocolate Bar Filled with Coconut","Bounty لبن Chocolate Bar Filled With Coconut","Chips & Snacks | Milk Chocolate Bars",25.00,100,active
6221134014532,"Bounty Milk Chocolate Bar Filled with Coconut","Bounty لبن Chocolate Bar Filled With Coconut","Chips & Snacks | Milk Chocolate Bars",25.00,100,active
4011100023925,"Bounty Miniatures Milk Chocolate Bars Filled with Coconut (14 Pieces)","Bounty Miniatures لبن Chocolate Bars Filled With Coconut (14 Pieces)","Chips & Snacks | Milk Chocolate Bars",220.00,99,active
5000159473279,"Bounty Minis Milk Chocolate Bars Filled with Coconut (7 Pieces)","Bounty Minis لبن Chocolate Bars Filled With Coconut (7 Pieces)","Chips & Snacks | Milk Chocolate Bars",275.00,100,active
7622210077691,"Cadbury Dairy Milk Bubbly Chocolate Slab","Cadbury Dairy لبن Bubbly Chocolate Slab","Chips & Snacks | Chocolate Bars",95.00,100,active
7622202294242,"Cadbury Dairy Milk Chocolate Bar with Cream & Nut Delight","Cadbury Dairy لبن Chocolate Bar With Cream & Nut Delight","Chips & Snacks | Milk Chocolate Bars",35.00,100,active
32894010247,"California Garden Cooked Chickpeas - gluten free, artificial flavors free, no added sugar","California Garden Cooked Chickpeas - Gluten Free, Artificial Flavors Free, No Added Sugar","Others | Needs Review",45.00,100,active
6222027800119,"California Garden Hommos Tahina Dip - artificial flavors free","California Garden Hommos Tahina Dip - Artificial Flavors Free","Others | Needs Review",45.00,100,active
6223000460016,"California Garden Mixed Salad - artificial flavors free, gluten free","California Garden Mixed Salad - Artificial Flavors Free, Gluten Free","Vegetables & Fruits | Salad Greens & Lettuce",69.00,100,active
6221155135698,"Camay Paris Classique Soap Bar Romantic Scent","Camay Paris Classique Soap Bar Romantic Scent","Personal Care | Bar Soaps & Body Wash",22.00,100,active
6221155135636,"Camay Paris Dynamique Soap Bar Pink Grapefruit Scent","Camay Paris Dynamique Soap Bar Pink Grapefruit Scent","Personal Care | Bar Soaps & Body Wash",20.00,100,active
6221155048165,"Camay Paris Sophistique Soap Bar White Jasmine Scent","Camay Paris Sophistique Soap Bar White Jasmine Scent","Personal Care | Bar Soaps & Body Wash",30.00,100,active
7622210228956,"Chiclets Gum Spearmint Flavor","Chiclets Gum Spearmint Flavor","chocolates & candies | Chewing Gum & Mints",12.00,100,active
7622210228901,"Chiclets Gum Strawberry Flavor","Chiclets Gum Strawberry Flavor","chocolates & candies | Chewing Gum & Mints",12.00,100,active
49814521,"Chupa Chups Lollipop Lemon Flavor","Chupa Chups Lollipop Lemon Flavor","chocolates & candies | Lollipops",15.00,100,active
6921211114482,"Chupa Chups Skull Lollipop Lemon Flavor","Chupa Chups Skull Lollipop Lemon Flavor","chocolates & candies | Lollipops",40.00,100,active
8901393019377,"Chupa Chups Sour Belt Cola Flavor - vegetarian","Chupa Chups Sour Belt Cola Flavor - Vegetarian","chocolates & candies | Lollipops",15.00,100,active
8901393016635,"Chupa Chups Sour Belt Raw Mango Flavor - vegetarian","Chupa Chups Sour Belt Raw Mango Flavor - Vegetarian","chocolates & candies | Lollipops",15.00,100,active
8901393017212,"Chupa Chups Sour Belt Strawberry Flavor - vegetarian","Chupa Chups Sour Belt Strawberry Flavor - Vegetarian","chocolates & candies | Lollipops",15.00,100,active
7622201430573,"Clorets Chewing Gum Cinnamint Flavor","Clorets Chewing Gum Cinnamint Flavor","chocolates & candies | Chewing Gum & Mints",17.00,100,active
7622210966674,"Clorets Chewing Gum Lemon Mint flavor","Clorets Chewing Gum Lemon Mint Flavor","chocolates & candies | Chewing Gum & Mints",17.00,100,active
7622201430498,"Clorets Chewing Gum Original Mint Flavor","Clorets Chewing Gum Original Mint Flavor","chocolates & candies | Chewing Gum & Mints",17.00,100,active
6221155110718,"Closeup Ever Fresh Red Hot Toothpaste with Triple Formula (15% Off)","Closeup Ever طازج Red Hot Toothpaste With Triple Formula (15% Off)","Personal Care | Oral Care",40.00,100,active
6221155110695,"Closeup Everfresh Menthol Toothpaste with Triple Formula (15% Off)","Closeup everطازج Menthol Toothpaste With Triple Formula (15% Off)","Personal Care | Oral Care",40.00,100,active
6221155110671,"Closeup Triple Fresh Antibacterial Red Hot Toothpaste (15% Off)","Closeup Triple طازج Antibacterial Red Hot Toothpaste (15% Off)","Personal Care | Oral Care",70.00,100,active
6221155110664,"Closeup Triple Fresh Antibacterial Toothpaste Menthol Flavor (15% Off)","Closeup Triple طازج Antibacterial Toothpaste Menthol Flavor (15% Off)","Personal Care | Oral Care",70.00,100,active
6221155155887,"Comfort Ultimate Care Liquid Fabric Softener Flora Soft Scent (-9 EGP)","Comfort Ultimate Care Liquid Fabric Softener Flora Soft Scent (-9 Egp)","Beverages | Still Water",130.00,100,active
6221155155900,"Comfort Ultimate Care Liquid Fabric Softener Spring Dew Scent (-9 EGP)","Comfort Ultimate Care Liquid Fabric Softener Spring Dew Scent (-9 Egp)","Others | Needs Review",130.00,100,active
6221333006208,"Crunchy Kebda Eskandrany Potato Chips","Crunchy Kebda Eskandrany Potato Chips","Chips & Snacks | Flavored Potato Chips",12.00,100,active
6221333006215,"Crunchy Shawarma Lahma Potato Chips","Crunchy Shawarma Lahma Potato Chips","Chips & Snacks | Flavored Potato Chips",19.00,100,active
6221031003738,"Crunchy Spicy Hot Sausage Potato Chips","Crunchy Spicy Hot Sausage Potato Chips","Chips & Snacks | Flavored Potato Chips",12.00,100,active
6223002381531,"Danette Caramel Pudding","Danette Caramel Pudding","Dairy & Eggs | Pudding",10.00,100,active
6223002380152,"Danette Chocolate Pudding","Danette Chocolate Pudding","Beverages | Cola Regular",15.00,100,active
6221333005690,"Doritos Smoky BBQ Tortilla Chips - preservatives free","Doritos Smoky Bbq Tortilla Chips - Preservatives Free","Chips & Snacks | Corn Chips",12.00,100,active
6221155152244,"Dove Care & Protect Moisturizing Liquid Hand Wash (-12 EGP) - animal cruelty free","Dove Care & Protect Moisturizing Liquid Hand Wash (-12 Egp) - Animal Cruelty Free","Personal Care | Bar Soaps & Body Wash",110.00,100,active
6221155152237,"Dove Care & Protect Refreshing Liquid Hand Wash Cucumber & Green Tea Scent (-12 EGP) - cruelty free","Dove Care & Protect reطازجing Liquid Hand Wash Cucumber & أخضر Tea Scent (-12 Egp) - Cruelty Free","Beverages | Tea",110.00,100,active
6281006443631,"Dove Daily Care Conditioner with Pro-Moisture Complex for Normal to Dry Hair","Dove Daily Care Conditioner With Pro-Moisture Complex For Normal To Dry Hair","Personal Care | Bar Soaps & Body Wash",160.00,100,active
6221155152183,"Dove Deeply Nourishing Body Wash (-15 EGP) - SLES free, sulfate free","Dove Deeply Nourishing Body Wash (-15 Egp) - Sles Free, Sulfate Free","Personal Care | Bar Soaps & Body Wash",135.00,100,active
6221155135179,"Dove Hair Fall Rescue Hair Shampoo (-15 EGP) - cruelty free","Dove Hair Fall Rescue Hair Shampoo (-15 Egp) - Cruelty Free","Personal Care | Bar Soaps & Body Wash",145.00,100,active
6221155135148,"Dove Intensive Repair Hair Shampoo - cruelty free","Dove Intensive Repair Hair Shampoo - Cruelty Free","Personal Care | Bar Soaps & Body Wash",145.00,100,active
6221155135155,"Dove Nourishing Oil Care Shampoo for Dry & Frizzy Hair","Dove Nourishing Oil Care Shampoo For Dry & Frizzy Hair","Personal Care | Bar Soaps & Body Wash",145.00,100,active
6281006443655,"Dove Nutritive Solutions Anti-Hair Fall Conditioner with Trichazole Actives","Dove Nutritive Solutions Anti-Hair Fall Conditioner With Trichazole Actives","Personal Care | Bar Soaps & Body Wash",160.00,100,active
6221048035753,"Dove Pink Beauty Moisturizing Cream Soap Bar (-3 EGP)","Dove Pink Beauty Moisturizing Cream Soap Bar (-3 Egp)","Dairy & Eggs | Cream & Desserts",40.00,100,active
6221155160294,"Dove Relaxing Soap Bar Lavender Oil & Chamomile Scent with Moisturizing Cream - sulfate free","Dove Relaxing Soap Bar Lavender Oil & Chamomile Scent With Moisturizing Cream - Sulfate Free","Dairy & Eggs | Cream & Desserts",40.00,100,active
8700216311618,"Downy Fabric Conditioner Lavender & Musk Scent","Downy Fabric Conditioner Lavender & Musk Scent","Personal Care | Hair Care",290.00,100,active
5413149637924,"Downy Fabric Softener Valley Dew Scent","Downy Fabric Softener Valley Dew Scent","Others | Needs Review",140.00,100,active
6223001085416,"Dreem Cake Chef Baking Powder with Cake Improvers","Dreem Cake Chef Baking Powder With Cake Improvers",Baking,8.00,100,active
6223003942922,"Dreem Instant Dry Yeast","Dreem Instant Dry Yeast",Baking,10.00,100,active
6223003942717,"Dreem Whipped Topping with Chocolate Flavor","Dreem Whipped Topping With Chocolate Flavor","Cream & Desserts",35.00,100,active
6223001086017,"Dreem Whipping Cream Powder","Dreem Whipping Cream Powder","Cream & Desserts",25.00,100,active
6223003942618,"Dreem Whipping Topping Strawberry Flavor","Dreem Whipping Topping Strawberry Flavor","Cream & Desserts",35.00,100,active
80052357,"Duplo Chocolate Bar with Hazelnuts","Duplo Chocolate Bar With Hazelnuts","Chips & Snacks",45.00,99,active
6224000514549,"El Waha Sandwich Bags (32x20cm)","El Waha Sandwich Bags (32x20cm)","Others | Needs Review",25.00,100,active
6225000114821,"Fila El Zahar Rokak Bread","Fila El Zahar Rokak Bread","Bakery & Bread | Bread",49.00,100,active
6224008513094,"Flo Ramadan Edition Balanced Alkaline Water 600ml","Flo Ramadan Edition Balanced Alkaline Water 600ml","Still Water",15.00,100,active
6224010268135,"Funday Chocolate Muffin Cakes with Chocolate Chips","Funday Chocolate Muffin Cakes With Chocolate Chips","Beverages | Cola Regular",12.00,100,active
6224010268159,"Funday Muffin Cake with Vanilla & Chocolate Chips","Funday Muffin Cake With Vanilla & Chocolate Chips","Beverages | Cola Regular",12.00,100,active
6221134011845,"Galaxy Chocolate Bar with Hazelnut","Galaxy Chocolate Bar With Hazelnut","Chips & Snacks | Chocolate Bars with Nuts",100.00,100,active
6221134009613,"Galaxy Smooth Milk Chocolate Bar","Galaxy Smooth لبن Chocolate Bar","Chips & Snacks | Milk Chocolate Bars",20.00,100,active
6221143097588,"General Multipurpose Cleaning Liquid Fruits Scent","General Multipurpose Cleaning Liquid Fruits Scent","Others | Needs Review",59.00,100,active
6221143099445,"General Multipurpose Cleaning Liquid Lavender Scent","General Multipurpose Cleaning Liquid Lavender Scent","Others | Needs Review",180.00,100,active
6221143097502,"General Primavera Powerful Liquid Floor Cleaner","General Primavera Powerful Liquid Floor Cleaner","Beverages | Still Water",59.00,100,active
5206542007483,"Green Cola Carbonated Drink Sour Cherry Flavor with Stevia - vegetarian, no added sugar","أخضر Cola Carbonated Drink Sour Cherry Flavor With Stevia - Vegetarian, No Added Sugar","Beverages | Cola Regular",25.00,100,active
5206542006493,"Green Cola Carbonated Drink with Stevia - sugar free, preservatives free","أخضر Cola Carbonated Drink With Stevia - Sugar Free, Preservatives Free","Beverages | Cola Regular",25.00,100,active
7622201694869,"Halls Hard Candies Cherry Flavor (8 Pieces)","Halls Hard Candies Cherry Flavor (8 Pieces)","chocolates & candies | Chocolates",12.00,100,active
7622201695248,"Halls Hard Candies Menthol Flavor (8 Pieces)","Halls Hard Candies Menthol Flavor (8 Pieces)","chocolates & candies | Chocolates",12.00,100,active
8691216020672,"Haribo Berries Gummy Candies","Haribo Berries Gummy Candies","chocolates & candies | Jelly & Gummy Candies",65.00,100,active
8691216020627,"Haribo Goldbears Gummies Assorted Fruit Flavors","Haribo Goldbears Gummies Assorted Fruit Flavors","chocolates & candies | Chewing Gum & Mints",65.00,100,active
8691216080362,"Haribo Happy Cherries Gummy Candies - pork derivatives free","Haribo Happy Cherries Gummy Candies - Pork Derivatives Free","chocolates & candies | Jelly & Gummy Candies",65.00,100,active
8691216022027,"Haribo Starmix Gummies - artificial color free","Haribo Starmix Gummies - Artificial Color Free","chocolates & candies | Chewing Gum & Mints",65.00,100,active
8691216020689,"Haribo Worms Gummies - artificial color free","Haribo Worms Gummies - Artificial Color Free","chocolates & candies | Chewing Gum & Mints",65.00,100,active
6222035204848,"Jaguar Creations Cheese Balls","Jaguar Creations جبنة Balls","Chips & Snacks | Biscuits & Cookies",12.00,100,active
6222035204855,"Jaguar Creations Layers Sour Cream & Onion Corn Chips","Jaguar Creations Layers Sour Cream & Onion Corn Chips","Chips & Snacks | Corn Chips",12.00,100,active
6222035204862,"Jaguar Creations Lime Coriander Corn Cones","Jaguar Creations Lime Coriander Corn Cones","Chips & Snacks | Corn Chips",12.00,100,active
3073781087741,"Jibnet Abu Al Walad Cheese Triangles (8 Portions)","Jibnet Abu Al Walad جبنة Triangles (8 Portions)","Dairy & Eggs | Cheese",40.00,100,active
3073781087758,"Jibnet Abu Al Walad Cream Cheese Triangles (16 Portions)","Jibnet Abu Al Walad Cream جبنة Triangles (16 Portions)","Dairy & Eggs | Cream Cheese & Spreads",80.00,100,active
3574669908139,"Johnson's Baby Sleep Time Lotion","Johnson'S Baby Sleep Time Lotion","Others | Needs Review",145.00,100,active
3574669908030,"Johnson's Baby Soft Lotion with Coconut Oil - dye free, parabens free","Johnson'S Baby Soft Lotion With Coconut Oil - Dye Free, Parabens Free","Pantry Staples | Oils & Vinegars",145.00,100,active
6222014300134,"Juhayna Happy Kitchen Cooking Cream","Juhayna Happy Kitchen Cooking Cream","Dairy & Eggs | Cream & Desserts",165.00,100,active
6222014301216,"Juhayna Vanilla Pudding","Juhayna Vanilla Pudding","Dairy & Eggs | Pudding",15.00,100,active
3073781104325,"La Vache Qui Rit Cheddar Cheese (10 Slices)","La Vache Qui Rit شيدر جبنة (10 شرائح)","Dairy & Eggs | Cheddar Cheese",170.00,100,active
2781433,"Lettuce Iceberg","Lettuce Iceberg","Vegetables & Fruits | Salad Greens & Lettuce",25.00,100,active
5063305009166,"Lipton Pure Green Tea Bags","Lipton Pure أخضر Tea Bags","Beverages | Tea",75.00,100,active
6221048710537,"Lipton Yellow Label Kharaz Loose Black Tea","Lipton Yellow Label Kharaz Loose أسود Tea","Beverages | Tea",99.00,100,active
6221048720673,"Lipton Yellow Label Loose Black Tea","Lipton Yellow Label Loose أسود Tea","Beverages | Tea",35.00,100,active
6221048720697,"Lipton Yellow Label Loose Dust Black Tea","Lipton Yellow Label Loose Dust أسود Tea","Beverages | Tea",80.00,100,active
6221155135889,"Lux Dream Delight Soap Bar Jasmine Sambac & Orange Oil Scent","Lux Dream Delight Soap Bar Jasmine Sambac & Orange Oil Scent","Personal Care | Bar Soaps & Body Wash",29.00,100,active
6221155200945,"Lux Flaw-Less Skin Soap Bar Lily Scent with Vitamin C, E & Glycerine","Lux Flaw-Less Skin Soap Bar Lily Scent With Vitamin C, E & Glycerine","Personal Care | Bar Soaps & Body Wash",37.00,100,active
6221155201027,"Lux Glowing Skin Soap Bars Rose Scent with Glycerine, Vitamins C & E","Lux Glowing Skin Soap Bars Rose Scent With Glycerine, Vitamins C & E","Personal Care | Bar Soaps & Body Wash",23.00,100,active
6281006572003,"Lux Liquid Hand Wash Refreshing Verbena Scent with Glycerin","Lux Liquid Hand Wash reطازجing Verbena Scent With Glycerin","Personal Care | Bar Soaps & Body Wash",110.00,100,active
6281006483583,"Lux Liquid Hand Wash Velvet Jasmine Scent with Almond Oil","Lux Liquid Hand Wash Velvet Jasmine Scent With Almond Oil","Pantry Staples | Oils & Vinegars",115.00,100,active
6221155135872,"Lux Magical Beauty Soap Bar","Lux Magical Beauty Soap Bar","Personal Care | Bar Soaps & Body Wash",29.00,100,active
6281006479746,"Lux Magical Beauty Soap Bar with Black Orchids & Juniper Oils","Lux Magical Beauty Soap Bar With أسود Orchids & Juniper Oils","Personal Care | Bar Soaps & Body Wash",23.00,100,active
6221155200976,"Lux Magical Soap Bar Black Orchid Scent","Lux Magical Soap Bar أسود Orchid Scent","Personal Care | Bar Soaps & Body Wash",37.00,100,active
6222001180275,"Luxe Plain Biscuits with Cocoa","Luxe سادة Biscuits With Cocoa","Biscuits & Cookies | Plain Sweet Biscuits",5.00,100,active
6223000255360,"Mafa Onions Red","Mafa بصل Red","Vegetables & Fruits | Onions",40.00,100,active
5000159474573,"Mars Minis Chocolates (12 Pieces)","Mars Minis Chocolates (12 Pieces)","Chips & Snacks | Chocolate Bars",275.00,100,active
6222024101967,"McVitie's Digestive Nibbles Milk Chocolate Coated Biscuit Balls","Mcvitie'S Digestive Nibbles لبن Chocolate Coated Biscuit Balls","Biscuits & Cookies | Tea Biscuits",35.00,100,active
6222024103077,"McVitie's Hobnobs Oat Biscuits (2+1 Free) - alcohol free, lard free, pig derivatives free","Mcvitie'S Hobnobs Oat Biscuits (2+1 Free) - Alcohol Free, Lard Free, Pig Derivatives Free","Biscuits & Cookies | Oat Biscuits",120.00,100,active
6222024103060,"McVitie's Hobnobs Oat Biscuits (2+1 Free) - artificial colors free, artificial flavors free, hydrogenated fat free","Mcvitie'S Hobnobs Oat Biscuits (2+1 Free) - Artificial Colors Free, Artificial Flavors Free, Hydrogenated Fat Free","Biscuits & Cookies | Oat Biscuits",10.00,100,active
6222024101974,"McVitie's Nibbles Milk Chocolate Coated Biscuit Bites","Mcvitie'S Nibbles لبن Chocolate Coated Biscuit Bites","Biscuits & Cookies | Oat Biscuits",420.00,100,active
6222024105927,"McVitie's Nibbles White Chocolate Coated Biscuit Balls - pork derivatives free","Mcvitie'S Nibbles White Chocolate Coated Biscuit Balls - Pork Derivatives Free","Biscuits & Cookies | Oat Biscuits",35.00,100,active
5000396001730,"McVitie's Original Digestive Wheat Biscuits - hydrogenated vegetable oil free, artificial colors free, artificial flavors free","Mcvitie'S Original Digestive Wheat Biscuits - Hydrogenated Vegetable Oil Free, Artificial Colors Free, Artificial Flavors Free","Biscuits & Cookies | Tea Biscuits",85.00,100,active
6223003803568,"McVitie’s Digestive Milk Chocolate Coated Wheat Biscuits (2 Pieces)","Mcvitie’S Digestive لبن Chocolate Coated Wheat Biscuits (2 Pieces)","Biscuits & Cookies | Tea Biscuits",12.00,100,active
46214230208,"Merba Chocolate Brownie Cookies","Merba Chocolate بنيie Cookies","Biscuits & Cookies | Plain Sweet Biscuits",199.00,100,active
3045140280803,"Milka Arroz Inflado Chocolate Slab","لبنa Arroz Inflado Chocolate Slab","Beverages | Cola Regular",105.00,100,active
6221030003500,"Nawaem Soft Biscuits","Nawaem Soft Biscuits","Biscuits & Cookies | Plain Sweet Biscuits",84.00,100,active
6221030004392,"Nawaem Soft Biscuits","Nawaem Soft Biscuits","Biscuits & Cookies | Plain Sweet Biscuits",7.00,100,active
6221007043423,"Nesquik Chocolate Powder","Nesquik Chocolate Powder","Beverages | Cola Regular",80.00,100,active
6223001930501,"Nestle Pure Life Water 1.5L","Nestle Pure Life Water 1.5l","Beverages | Still Water",11.00,100,active
3574661332529,"Neutrogena Spot Controlling Facial Scrub - oil free","Neutrogena Spot Controlling Facial Scrub - Oil Free","Pantry Staples | Oils & Vinegars",245.00,100,active
6222001100358,"Nice Coconut Biscuits - preservatives agents free, artificial colors free","Nice Coconut Biscuits - Preservatives Agents Free, Artificial Colors Free","Biscuits & Cookies | Plain Sweet Biscuits",72.00,100,active
6221007040729,"Nido Fortified Rich in Fiber Full Cream Milk Powder","Nido Fortified Rich In Fiber Full Cream لبن Powder","Dairy & Eggs | Cream & Desserts",680.00,100,active
6221007040804,"Nido Fortified Rich in Fiber Full Cream Milk Powder","Nido Fortified Rich In Fiber Full Cream لبن Powder","Dairy & Eggs | Cream & Desserts",145.00,100,active
6221007043379,"Nido Fortified Rich in Fiber Full Cream Milk Powder (- 45 EGP)","Nido Fortified Rich In Fiber Full Cream لبن Powder (- 45 Egp)","Dairy & Eggs | Cream & Desserts",570.00,100,active
6222035224976,"Novy Blazo Chocolate Crisp & Caramel Coated Wafers Filled with Chocolate Cream","Novy Blazo Chocolate Crisp & Caramel Coated Wafers Filled With Chocolate Cream","Biscuits & Cookies | Chocolate Wafers",12.00,100,active
6222035224969,"Novy Blazo Gold Caramel & Chocolate Coated Crispy Wafer Rolls Filled with Chocolate","Novy Blazo Gold Caramel & Chocolate Coated Crispy Wafer Rolls Filled With Chocolate","Biscuits & Cookies | Chocolate Wafers",72.00,100,active
6222035243595,"Novy Torta Delights Chocolate Cake Rolls Filled with Vanilla","Novy Torta Delights Chocolate Cake Rolls Filled With Vanilla","Chips & Snacks | Snack Cakes",72.00,100,active
6222035239079,"Novy Torta Delights Chocolate Coated Cake Bar Filled with Chocolate Cream","Novy Torta Delights Chocolate Coated Cake Bar Filled With Chocolate Cream","Chips & Snacks | Snack Cakes",12.00,100,active
6222035239086,"Novy Torta Delights Chocolate Coated Cake Bars Filled with Chocolate Cream","Novy Torta Delights Chocolate Coated Cake Bars Filled With Chocolate Cream","Chips & Snacks | Snack Cakes",72.00,100,active
6222035243397,"Novy Waves Milk Chocolate Coated Wafer Filled with Chocolate Cream","Novy Waves لبن Chocolate Coated Wafer Filled With Chocolate Cream","Biscuits & Cookies | Chocolate Wafers",12.00,100,active
6222035243380,"Novy Waves Wafers Filled & Coated with Chocolate","Novy Waves Wafers Filled & Coated With Chocolate","Biscuits & Cookies | Chocolate Wafers",72.00,100,active
6223000500477,"Novy Waves White Chocolate Coated Wafer Filled with Vanilla Cream","Novy Waves White Chocolate Coated Wafer Filled With Vanilla Cream","Biscuits & Cookies | Chocolate Wafers",12.00,100,active
6223000500538,"Novy Waves White Chocolate Coated Wafers Filled with Vanilla Cream","Novy Waves White Chocolate Coated Wafers Filled With Vanilla Cream","Biscuits & Cookies | Chocolate Wafers",72.00,100,active
2375180000000,"Olives Green Slices","زيتون أخضر شرائح","Pantry Staples | Olives & Pickles",45.00,100,active
6223000556351,"Oniro Teabix Original Biscuits - hydrogenated fat free","Oniro Teabix Original Biscuits - Hydrogenated Fat Free","Biscuits & Cookies | Plain Sweet Biscuits",7.00,100,active
6223000557174,"Oniro Teabix Original Biscuits - hydrogenated fats free","Oniro Teabix Original Biscuits - Hydrogenated Fats Free","Biscuits & Cookies | Plain Sweet Biscuits",12.00,100,active
6291105369800,"Organic Tomatoes Cherry Local","Organic طماطم Cherry Local","Vegetables & Fruits | Tomatoes",130.00,100,active
6224000597917,"Power Aluminum Foil (20mx40cm)","Power Aluminum Foil (20mx40cm)","Pantry Staples | Oils & Vinegars",110.00,100,active
80052487,"Raffaello White Chocolate Bites (3 Pieces)","Raffaello White Chocolate Bites (3 Pieces)","Beverages | Cola Regular",57.00,98,active
6223003193249,"Razz Chocolate Pound Cake","Razz Chocolate Pound Cake","Beverages | Cola Regular",50.00,100,active
6224002278319,"Resta Pop Eyeball Print Jelly Candy","Resta Pop Eyeball Print Jelly Candy","chocolates & candies | Jelly & Gummy Candies",10.00,100,active
6221048407772,"Signal Cavity Fighter Toothpaste","Signal Cavity Fighter Toothpaste","Personal Care | Oral Care",20.00,100,active
6221048407796,"Signal Cavity Fighter Toothpaste","Signal Cavity Fighter Toothpaste","Personal Care | Oral Care",40.00,100,active
6221048407956,"Signal Cavity Fighter Toothpaste Fresh Mint Flavor","Signal Cavity Fighter Toothpaste طازج Mint Flavor","Personal Care | Oral Care",70.00,100,active
6221155117892,"Signal Complete 8 Herbal Toothpaste (20% Off) - parabens free, triclosan free","Signal Complete 8 Herbal Toothpaste (20% Off) - Parabens Free, Triclosan Free","Personal Care | Oral Care",75.00,100,active
6221155067074,"Signal Whitening Toothpaste (20% Off)","Signal Whitening Toothpaste (20% Off)","Personal Care | Oral Care",40.00,100,active
6623001290191,"Sila Aluminum Foil (40cmx10m)","Sila Aluminum Foil (40cmx10m)","Pantry Staples | Oils & Vinegars",85.00,100,active
6623001290207,"Sila Aluminum Foil (40cmx20m)","Sila Aluminum Foil (40cmx20m)","Pantry Staples | Oils & Vinegars",130.00,100,active
4011100156364,"Skittles Candies Fruit Flavor","Skittles Candies Fruit Flavor","chocolates & candies | Candies",35.00,100,active
4009900545402,"Skittles Candies Tropical Flavor","Skittles Candies Tropical Flavor","chocolates & candies | Candies",35.00,100,active
4009900460187,"Skittles Candies Wild Berry Flavor","Skittles Candies Wild Berry Flavor","chocolates & candies | Candies",35.00,100,active
4009900545167,"Skittles Candy Desserts","Skittles Candy Desserts","chocolates & candies | Candies",35.00,100,active
6221134013016,"Snickers Chocolate Bar Filled with Caramel & Peanuts","Snickers Chocolate Bar Filled With Caramel & Peanuts","Chips & Snacks | Chocolate Bars with Nuts",80.00,100,active
6294001819226,"Snickers Chocolate Bar Filled with Caramel & Peanuts","Snickers Chocolate Bar Filled With Caramel & Peanuts","Chips & Snacks | Chocolate Bars with Nuts",25.00,100,active
5000159560412,"Snickers Chocolate Bar Filled with Caramel & Peanuts (2 Pieces)","Snickers Chocolate Bar Filled With Caramel & Peanuts (2 Pieces)","Chips & Snacks | Chocolate Bars with Nuts",80.00,100,active
7896423487657,"Snickers Chocolate Bar Filled with Nougat, Caramel & Peanuts","Snickers Chocolate Bar Filled With Nougat, Caramel & Peanuts","Chips & Snacks | Chocolate Bars with Nuts",30.00,100,active
5900951283963,"Snickers Creamy Chocolate Bar Filled with Peanut Butter, Caramel & Peanuts","Snickers Creamy Chocolate Bar Filled With Peanut زبدة, Caramel & Peanuts","Chips & Snacks | Chocolate Bars with Nuts",45.00,100,active
4011100037915,"Snickers Miniatures Chocolate Bites Filled with Caramel & Peanuts (14 Pieces)","Snickers Miniatures Chocolate Bites Filled With Caramel & Peanuts (14 Pieces)","Chips & Snacks | Chocolate Bars with Nuts",220.00,100,active
5000159473927,"Snickers Minis Chocolate Bars Filled with Caramel & Peanuts (12 Pieces)","Snickers Minis Chocolate Bars Filled With Caramel & Peanuts (12 Pieces)","Chips & Snacks | Chocolate Bars with Nuts",275.00,100,active
41396093306,"Sour Dudes Candy Stick & Dipping Powder Blue Raspberry & Strawberry Flavor - Gluten Free, Vegetarian","Sour Dudes Candy Stick & Dipping Powder Blue Raspberry & Strawberry Flavor - Gluten Free, Vegetarian","chocolates & candies | Candies",30.00,100,active
6221155113115,"Sunsilk by Noor Stars Thickening & Lengthening Shampoo with Biotin & Castor Oil (20% Off)","Sunsilk By Noor Stars Thickening & Lengthening Shampoo With Biotin & Castor Oil (20% Off)","Personal Care | Hair Care",110.00,100,active
6221155063335,"Sunsilk Co-Creations Restoring Shampoo (20% Off)","Sunsilk Co-Creations Restoring Shampoo (20% Off)","Personal Care | Hair Care",165.00,100,active
6221155025425,"Sunsilk Co-Creations Soft & Smooth Shampoo with Argan & Babassu Oils (20% Off)","Sunsilk Co-Creations Soft & Smooth Shampoo With Argan & Babassu Oils (20% Off)","Personal Care | Hair Care",165.00,100,active
6221155043368,"Sunsilk Co-Creations Soft & Smooth Shampoo with Argan & Babassu Oils (20% Off)","Sunsilk Co-Creations Soft & Smooth Shampoo With Argan & Babassu Oils (20% Off)","Personal Care | Hair Care",110.00,100,active
6221155063267,"Sunsilk Co-Creations Stunning Black Shine Shampoo (20% Off)","Sunsilk Co-Creations Stunning أسود Shine Shampoo (20% Off)","Personal Care | Hair Care",110.00,100,active
6221155063304,"Sunsilk Co-Creations Stunning Black Shine Shampoo (20% Off)","Sunsilk Co-Creations Stunning أسود Shine Shampoo (20% Off)","Personal Care | Hair Care",165.00,100,active
6221155113122,"Sunsilk Thick & Long Hair Shampoo with Biotin & Castor Oil (20% Off)","Sunsilk Thick & Long Hair Shampoo With Biotin & Castor Oil (20% Off)","Personal Care | Hair Care",165.00,100,active
757528050573,"Takis Blue Heat Hot Chili Pepper Tortilla Chips","Takis Blue Heat Hot شطة فلفل Tortilla Chips","Chips & Snacks | Corn Chips",200.00,99,active
757528005276,"Takis Fuego Hot Chili Pepper & Lime Tortilla Chips","Takis Fuego Hot شطة فلفل & Lime Tortilla Chips","Chips & Snacks | Corn Chips",190.00,100,active
757528023027,"Takis Fuego Mini Extreme Hot Chili Pepper & Lime Tortilla Chips","Takis Fuego Mini Extreme Hot شطة فلفل & Lime Tortilla Chips","Chips & Snacks | Corn Chips",95.00,100,active
6225000113121,"Tarouty White Mushrooms","Tarouty White Mushrooms","Others | Needs Review",89.00,100,active
6222035243489,"Torta Delights Chocolate Cake Roll Filled with Vanilla Cream","Torta Delights Chocolate Cake Roll Filled With Vanilla Cream","Chips & Snacks | Snack Cakes",12.00,100,active
6281006535053,"TRESemmé Keratin Smooth & Straight Hair Conditioner with Argan Oil & Hydrolysed Keratin","Tresemmé Keratin Smooth & Straight Hair Conditioner With Argan Oil & Hydrolysed Keratin","Pantry Staples | Oils & Vinegars",200.00,100,active
6221155198501,"TRESemmé Keratin Smooth Frizz Control Shampoo with Hydrolyzed Keratin & Argan Oil - animal testing free","Tresemmé Keratin Smooth Frizz Control Shampoo With Hydrolyzed Keratin & Argan Oil - Animal Testing Free","Beverages | Energy Drinks",200.00,100,active
6281006534780,"TRESemmé Repair & Protect Hair Conditioner with Hydrolized Protein","Tresemmé Repair & Protect Hair Conditioner With Hydrolized Protein","Personal Care | Hair Care",200.00,100,active
6221155198457,"TRESemmé Repairing Shampoo with Biotin & Hydrolized Protein - cruelty free","Tresemmé Repairing Shampoo With Biotin & Hydrolized Protein - Cruelty Free","Personal Care | Hair Care",200.00,100,active
7622201702793,"Trident Gum Mixed Berries Flavor - sugar free","Trident Gum Mixed Berries Flavor - Sugar Free","chocolates & candies | Chewing Gum & Mints",17.00,100,active
7622210326157,"Trident Gum Spearmint Flavor - sugar free","Trident Gum Spearmint Flavor - Sugar Free","chocolates & candies | Chewing Gum & Mints",17.00,100,active
7622210326096,"Trident Gum Strawberry Flavor - sugar free","Trident Gum Strawberry Flavor - Sugar Free","chocolates & candies | Chewing Gum & Mints",17.00,100,active
7622210327260,"Trident Gum Watermelon Flavor - sugar free","Trident Gum Watermelon Flavor - Sugar Free","chocolates & candies | Chewing Gum & Mints",17.00,100,active
7622210049414,"TUC Cheese Crackers","Tuc جبنة Crackers","Chips & Snacks | Crackers",10.00,100,active
7622210604125,"TUC Cheese Crackers","Tuc جبنة Crackers","Chips & Snacks | Crackers",120.00,100,active
7622300876777,"TUC Cheese Crackers (6+2 Free)","Tuc جبنة Crackers (6+2 Free)","Chips & Snacks | Crackers",12.00,100,active
7622210049384,"TUC Original Crackers","Tuc Original Crackers","Chips & Snacks | Crackers",10.00,100,active
7622210604088,"TUC Original Salted Crackers","Tuc Original Salted Crackers","Chips & Snacks | Crackers",120.00,100,active
7622210582164,"TUC Original Salted Crackers (6+2 Free)","Tuc Original Salted Crackers (6+2 Free)","Chips & Snacks | Crackers",12.00,100,active
7622210970411,"TUC Salted Crackers Cheese Flavor","Tuc Salted Crackers جبنة Flavor","Chips & Snacks | Crackers",144.00,100,active
6223000556627,"Twinkies Duo Caramel Sponge Cake Filled with Salted Caramel Cream & Chocolate Sponge Cake Filled with Chocolate Cream - hydrogenated fats free","Twinkies Duo Caramel Sponge Cake Filled With Salted Caramel Cream & Chocolate Sponge Cake Filled With Chocolate Cream - Hydrogenated Fats Free","Chips & Snacks | Snack Cakes",12.00,100,active
6223000556597,"Twinkies Duo Golden Sponge Cake Filled with Vanilla Cream & Chocolate Sponge Cake Filled with Cocoa Cream - hydrogenated fats free","Twinkies Duo Golden Sponge Cake Filled With Vanilla Cream & Chocolate Sponge Cake Filled With Cocoa Cream - Hydrogenated Fats Free","Chips & Snacks | Snack Cakes",12.00,100,active
6223000556566,"Twinkies Duo Golden Sponge Cake Filled with Vanilla Cream & Strawberry Sponge Cake Filled with Strawberry Cream - hydrogenated fats free","Twinkies Duo Golden Sponge Cake Filled With Vanilla Cream & Strawberry Sponge Cake Filled With Strawberry Cream - Hydrogenated Fats Free","Chips & Snacks | Snack Cakes",12.00,100,active
6223000555231,"Twinkies Sponge Cakes Filled with Double Cream","Twinkies Sponge Cakes Filled With Double Cream","Chips & Snacks | Snack Cakes",6.00,100,active
5900951028502,"Twix Xtra Chocolate Bars","Twix Xtra Chocolate Bars","Chips & Snacks | Chocolate Bars",75.00,100,active
6222048702126,"Vanish Liquid Fabric Stain Remover for Colored & White Clothes (25% Off) - chlorine bleach free","Vanish Liquid Fabric Stain Remover For Colored & White Clothes (25% Off) - Chlorine Bleach Free","Others | Needs Review",177.00,100,active
8700216043847,"Always Extra Long Maxi Thick Pads with Wings for Sensitive Skin (12+2 Free)","Always Extra Long Maxi Thick Pads With Wings For Sensitive Skin (12+2 Free)","Personal Care",60.00,100,inactive
4015400671336,"Always Protect Plus Maxi Thick Extra Long Pads Aloe Vera Scent with Wings","Always Protect Plus Maxi Thick Extra Long Pads Aloe Vera Scent With Wings","Personal Care",40.00,100,inactive
8700216913058,"Always Protect Plus Maxi Thick Extra Long Pads with Aloe Vera (12+2 Free)","Always Protect Plus Maxi Thick Extra Long Pads With Aloe Vera (12+2 Free)","Personal Care",80.00,100,inactive
6223001347361,"Baygon Crawling Insect Killer Spray","Baygon Crawling Insect Killer Spray",Others,145.00,100,inactive
6225000468528,"Blackhawk 30% Isolate Whey Protein Bar Cashew Flavor","أسودhawk 30% Isolate Whey Protein Bar Cashew Flavor","Nuts & Dried Fruits",50.00,100,inactive
7622202241017,"Cadbury Choco Delight Chocolate Coated Biscuits (9 Pieces)","Cadbury Choco Delight Chocolate Coated Biscuits (9 Pieces)","Biscuits & Cookies",180.00,100,inactive
7622202015908,"Cadbury Choco Delight MMMAX Chocolate Coated Biscuits","Cadbury Choco Delight Mmmax Chocolate Coated Biscuits","Biscuits & Cookies",144.00,100,inactive
7622210995834,"Cadbury Dairy Milk Bubbly Chocolate Bar with Oreo","Cadbury Dairy لبن Bubbly Chocolate Bar With Oreo","Chips & Snacks",45.00,100,inactive
6221021198000,"Cadbury Dairy Milk Chocolate Slab with Hazelnuts","Cadbury Dairy لبن Chocolate Slab With Hazelnuts","Chips & Snacks",85.00,100,inactive
7622202278105,"Cadbury Dairy Milk Classic Chocolate Slab","Cadbury Dairy لبن Classic Chocolate Slab","Chips & Snacks",95.00,100,inactive
7622202284458,"Cadbury Dairy Milk Marvellous Creations Chocolate Slab with Jelly Popping Candies","Cadbury Dairy لبن Marvellous Creations Chocolate Slab With Jelly Popping Candies","Chips & Snacks",95.00,100,inactive
7622202022128,"Cadbury Dairy Milk Mini Bubbly Chocolate Bar","Cadbury Dairy لبن Mini Bubbly Chocolate Bar","Chips & Snacks",20.00,100,inactive
7622202314193,"Cadbury Moro Chocolate Coated Nougat Bar Filled with Caramel","Cadbury Moro Chocolate Coated Nougat Bar Filled With Caramel","Chips & Snacks",15.00,100,inactive
990000000000000,"Chili Green Long","شطة أخضر Long","Vegetables & Fruits",15.00,100,inactive
6221152091096,"Clorox Liquid Bathroom Cleaner","Clorox Liquid Bathroom Cleaner","Cleaning Supplies",140.00,100,inactive
6221073002638,"Corona 55% Cocoa Dark Chocolate Bar with Almonds - palm oil free, gluten free, preservatives free","Corona 55% Cocoa Dark Chocolate Bar With Almonds - Palm Oil Free, Gluten Free, Preservatives Free","Chips & Snacks",55.00,100,inactive
6221073000016,"Corona Drinking Chocolate Powder","Corona Drinking Chocolate Powder","chocolates & candies",25.00,100,inactive
6221073011760,"Corona King Size Dark Chocolate Slab - no added milk","Corona King Size Dark Chocolate Slab - No Added لبن","chocolates & candies",35.00,100,inactive
6221073011777,"Corona King Size Dark Chocolate Slabs - no added milk","Corona King Size Dark Chocolate Slabs - No Added لبن","chocolates & candies",210.00,100,inactive
6221073011821,"Corona King Size Extra Milk Chocolate Slab","Corona King Size Extra لبن Chocolate Slab","chocolates & candies",35.00,100,inactive
6221073011852,"Corona King Size Extra Milk Chocolate Slabs","Corona King Size Extra لبن Chocolate Slabs","chocolates & candies",210.00,100,inactive
6221073010701,"Corona King Size Milk Chocolate Slab","Corona King Size لبن Chocolate Slab","chocolates & candies",35.00,100,inactive
6221073010954,"Corona King Size Milk Chocolate Slabs","Corona King Size لبن Chocolate Slabs","chocolates & candies",210.00,100,inactive
6221073011210,"Corona Milk Chocolate Bar with Salted Almonds - trans fat free, palm oil free","Corona لبن Chocolate Bar With Salted Almonds - Trans Fat Free, Palm Oil Free","Chips & Snacks",45.00,100,inactive
6223002384051,"Danette Creme Caramel Pudding","Danette Creme Caramel Pudding","Dairy & Eggs",12.00,100,inactive
6223002384594,"Danone 10g Protein Light Greek Yogurt","Danone 10g Protein Light Greek زبادي","Dairy & Eggs",38.00,100,inactive
6223002384181,"Danone Max Boost Strawberry Yogurt Drink","Danone Max Boost Strawberry زبادي Drink","Dairy & Eggs",20.00,100,inactive
6223002383856,"Danone Plain Yogurt (5+1 Free)","Danone سادة زبادي (5+1 Free)","Dairy & Eggs",65.00,100,inactive
9634000026084,"El Waha Cling Film (40cmx20m)","El Waha Cling Film (40cmx20m)",Others,45.00,100,inactive
6224010237070,"Elhamd Frozen Analogue Mozzarella Cheese","Elhamd Frozen Analogue موزاريلا جبنة","Dairy & Eggs",92.00,100,inactive
9644000027080,"Elwaha Aluminum Foil Oven Cover","Elwaha Aluminum Foil Oven Cover","Household & Cleaning",37.00,100,inactive
9644000027073,"Elwaha Baking Paper (40cmx10m)","Elwaha Baking Paper (40cmx10m)",Others,40.00,100,inactive
9644000027066,"Elwaha Garbage Bag Roll (50x50cm)","Elwaha Garbage Bag Roll (50x50cm)","Household & Cleaning",25.00,100,inactive
9634000084008,"Elwaha White Table Cover Roll (110x110cm)","Elwaha White Table Cover Roll (110x110cm)",Others,110.00,100,inactive
6224000597924,"Foil Power Aluminum Foil (40cmx12m)","Foil Power Aluminum Foil (40cmx12m)","Pantry Staples",75.00,100,inactive
6221134002621,"Galaxy Flutes Chocolates","Galaxy Flutes Chocolates","Biscuits & Cookies",300.00,100,inactive
6221134010718,"Galaxy Flutes Milk Chocolate Coated Wafer Rolls Filled with Vanilla Cream (2 Pieces)","Galaxy Flutes لبن Chocolate Coated Wafer Rolls Filled With Vanilla Cream (2 Pieces)","Biscuits & Cookies",15.00,100,inactive
2783842,Garlic,Garlic,Others,59.00,99,inactive
6221143051306,"General Power Active Toilet Rim Block Lemon Scent","General Power Active Toilet Rim قطعة Lemon Scent","Cleaning Tools & Accessories",85.00,100,inactive
5283009702167,"General Power Active Toilet Rim Blocks Lavender Scent","General Power Active Toilet Rim قطعةs Lavender Scent","Cleaning Tools & Accessories",85.00,100,inactive
6223002380305,"HiPro 20g Whey Protein Mixed Berries Yogurt Drink","Hipro 20g Whey Protein Mixed Berries زبادي Drink",Beverages,70.00,99,inactive
6223002389636,"Hipro 20g Whey Protein Yogurt Drink Cookies & Cream Flavor","Hipro 20g Whey Protein زبادي Drink Cookies & Cream Flavor","Biscuits & Cookies",70.00,100,inactive
6223002383375,"Hipro 20g Whey Protein Yogurt Drink Strawberry Flavor","Hipro 20g Whey Protein زبادي Drink Strawberry Flavor","Dairy & Eggs",70.00,100,inactive
6223000477090,"Isis Anise Tea Bags","Isis Anise Tea Bags","Flavored Drinks",35.00,100,inactive
6223000470114,"Isis Organic Cinnamon Tea Bags - pesticides free, chemical free","Isis Organic Cinnamon Tea Bags - Pesticides Free, Chemical Free","Flavored Drinks",30.00,100,inactive
6223000470138,"Isis Peppermint Tea Bags (15% Off)","Isis فلفلmint Tea Bags (15% Off)","Flavored Drinks",32.00,100,inactive
6221155203991,"Knorr Beef Stock Cubes (Special Offer) - preservatives free","Knorr Beef Stock Cubes (Special Offer) - Preservatives Free","Pantry Staples",19.00,100,inactive
6221155029065,"Knorr Hot Vegetar Chicken Seasoning - MSG free, no added preservatives","Knorr Hot Vegetar Chicken Seasoning - Msg Free, No Added Preservatives","Pantry Staples",10.00,100,inactive
6221155043924,"Knorr Low Fat Kofta Seasoning Mix - low salt, no added preservatives","Knorr Low Fat Kofta Seasoning Mix - قليل الملح, No Added Preservatives","Pantry Staples",20.00,100,inactive
6221155146625,"Knorr Vegetar Seasoning Powder - no added preservatives","Knorr Vegetar Seasoning Powder - No Added Preservatives","Pantry Staples",10.00,100,inactive
6221155079275,"Lipton Yellow Label Black Tea Bags (10% Off)","Lipton Yellow Label أسود Tea Bags (10% Off)","Black Tea",42.00,100,inactive
6221155107381,"Lipton Yellow Label Black Tea Bags (10% Off)","Lipton Yellow Label أسود Tea Bags (10% Off)","Black Tea",40.00,100,inactive
6221007032915,"Maggi Bechamel Mix Cheese Flavor - preservatives free","Maggi Bechamel Mix جبنة Flavor - Preservatives Free","Dairy & Eggs",22.00,100,inactive
6221007025122,"Maggi Chicken Stock Cubes (8 Pieces) - preservatives free","Maggi Chicken Stock Cubes (8 Pieces) - Preservatives Free","Pantry Staples",20.00,100,inactive
6221007036005,"Maggi Vegetable Stock (12 Cubes) - preservatives free","Maggi Vegetable Stock (12 Cubes) - Preservatives Free","Pantry Staples",22.00,100,inactive
6221007012337,"Maggi Vegetable Stock Cubes (8 Pieces) - preservatives free","Maggi Vegetable Stock Cubes (8 Pieces) - Preservatives Free","Pantry Staples",18.00,100,inactive
6223000553855,"Molto 2XL Croissant Filled with Chocolate & Hazelnut Paste","Molto 2xl Croissant Filled With Chocolate & Hazelnut Paste",Beverages,12.00,100,inactive
6223000556184,"Molto King Croissant Filled with Chocolate & Hazelnut - hydrogenated fat free","Molto King Croissant Filled With Chocolate & Hazelnut - Hydrogenated Fat Free",Beverages,22.00,100,inactive
6223000495124,"Molto Magnum Croissant Filled with Chocolate & Hazelnut Paste","Molto Magnum Croissant Filled With Chocolate & Hazelnut Paste",Beverages,17.00,100,inactive
6223000495148,"Molto Magnum Croissant Filled with Strawberry Cheesecake","Molto Magnum Croissant Filled With Strawberry جبنةcake","Dairy & Eggs",17.00,100,inactive
6223000497852,"Molto Magnum Mix Croissant Filled with Chocolate & Cream","Molto Magnum Mix Croissant Filled With Chocolate & Cream",Beverages,17.00,100,inactive
6223000497876,"Molto Magnum Mix Croissant Filled with Strawberry Cheesecake & Cream","Molto Magnum Mix Croissant Filled With Strawberry جبنةcake & Cream","Dairy & Eggs",17.00,100,inactive
6223000493922,"Molto Mini Croissants Filled with Chocolate & Hazelnut Paste","Molto Mini Croissants Filled With Chocolate & Hazelnut Paste",Beverages,12.00,100,inactive
6223000496343,"Molto Mini Magnum Croissants Filled with Chocolate & Hazelnut Paste","Molto Mini Magnum Croissants Filled With Chocolate & Hazelnut Paste",Beverages,17.00,100,inactive
6223000496367,"Molto Mini Magnum Croissants Filled with Strawberry Cheesecake","Molto Mini Magnum Croissants Filled With Strawberry جبنةcake","Dairy & Eggs",17.00,100,inactive
6223000552025,"Molto Mini Magnum Mix Croissants Filled with Chocolate & Cream","Molto Mini Magnum Mix Croissants Filled With Chocolate & Cream",Beverages,17.00,100,inactive
6223000552049,"Molto Mini Magnum Mix Croissants Filled with Strawberry Cheesecake & Cream","Molto Mini Magnum Mix Croissants Filled With Strawberry جبنةcake & Cream","Dairy & Eggs",17.00,100,inactive
6223000491812,"Molto XXL Mix Croissant Filled with Chocolate & Cream","Molto Xxl Mix Croissant Filled With Chocolate & Cream",Beverages,12.00,100,inactive
6222035237921,"Novy Blazo Gold Extra Caramel & Cocoa Coated Crispy Wafer Filled with Chocolate","Novy Blazo Gold Extra Caramel & Cocoa Coated Crispy Wafer Filled With Chocolate","Biscuits & Cookies",17.00,100,inactive
990000000000002,"Onions Brown","بصل بني","Vegetables & Fruits",30.00,100,inactive
3228021060026,"President Full Cream Cheddar Cheese Spread","President Full Cream شيدر جبنة Spread","Cream Cheese & Spreads",190.00,100,inactive
6223015761818,"Raw Cheddar Cheese & Onion Potato Chips","Raw شيدر جبنة & Onion Potato Chips","Chips & Snacks",15.00,100,inactive
6223007672719,"Raw Kettle Cooked Jalapeno Potato Chips - GMO free, gluten free, cholesterol free","Raw Kettle Cooked هالابينو Potato Chips - Gmo Free, Gluten Free, Cholesterol Free","Chips & Snacks",15.00,100,inactive
6223007672702,"Raw Kettle Cooked Sour Cream & Herbs Potato Chips - GMO free, gluten free, cholesterol free","Raw Kettle Cooked Sour Cream & Herbs Potato Chips - Gmo Free, Gluten Free, Cholesterol Free","Chips & Snacks",15.00,100,inactive
6223007672696,"Raw Kettle Cooked Sweet Chili Potato Chips - GMO free, gluten free, cholesterol free","Raw Kettle Cooked Sweet شطة Potato Chips - Gmo Free, Gluten Free, Cholesterol Free","Chips & Snacks",15.00,100,inactive
6223015761849,"Raw Potato Chips with Sea Salt & Balsamic Vinegar","Raw Potato Chips With Sea Salt & Balsamic Vinegar","Chips & Snacks",15.00,100,inactive
6223015761795,"Raw Sea Salted Potatoes Chips","Raw Sea Salted Potatoes Chips","Chips & Snacks",15.00,100,inactive
6223006361256,"Rehana Black Pepper Powder","Rehana أسود فلفل Powder","Pantry Staples",110.00,100,inactive
6223006361355,"Rehana Black Seeds","Rehana أسود Seeds",Others,45.00,100,inactive
6223006361331,"Rehana Chili Powder","Rehana شطة Powder","Vegetables & Fruits",80.00,100,inactive
6223006361362,"Rehana Cinnamon Powder","Rehana Cinnamon Powder",Others,75.00,100,inactive
6223006361300,"Rehana Coriander Powder","Rehana Coriander Powder",Others,70.00,100,inactive
6223006361294,"Rehana Cumin Powder","Rehana كمون Powder","Pantry Staples",115.00,100,inactive
6223006361348,"Rehana Dried Thyme","Rehana Dried Thyme",Others,60.00,100,inactive
6223006361317,"Rehana Mixed Spice Powder","Rehana Mixed Spice Powder","Pantry Staples",105.00,100,inactive
6224007367605,"Rehana Popcorn","Rehana Popcorn","Chips & Snacks",90.00,100,inactive
6223006361270,"Rehana White Pepper Powder","Rehana White فلفل Powder","Pantry Staples",110.00,100,inactive
6224007367469,"Rehana Yellow Lentils","Rehana Yellow Lentils",Others,70.00,100,inactive
6224009458363,"So Good Frozen Marinated Shawerma - GMO free, flavor additives free, color additives free","So Good Frozen Marinated Shawerma - Gmo Free, Flavor Additives Free, Color Additives Free","Frozen Foods",135.00,100,inactive
6223000494875,"Todo Bomb Chocolate Cake Filled with Cream","Todo Bomb Chocolate Cake Filled With Cream",Cake,136.00,100,inactive
6223000494844,"Todo Chocolate Brownie Cakes","Todo Chocolate بنيie Cakes",Cake,136.00,100,inactive
6224002336194,"Varex Blue & Red Multipurpose Scouring Sponges","Varex Blue & Red Multipurpose Scouring Sponges","Household & Cleaning",25.00,100,inactive
6224002336613,"Varex Lahluba Jumbo Blue & Yellow Polypropylene Kitchen Cleaning Sponge","Varex Lahluba Jumbo Blue & Yellow Polypropylene Kitchen Cleaning Sponge","Household & Cleaning",45.00,100,inactive
6224002336101,"Varex Orange Multipurpose Scouring Sponge","Varex Orange Multipurpose Scouring Sponge","Household & Cleaning",10.00,100,inactive
6224002336187,"Varex Red Multipurpose Sponge Scourer","Varex Red Multipurpose Sponge Scourer","Household & Cleaning",15.00,100,inactive
